Workbook
Name Class: DD!$C$2:$C$3
Name Trip: DD!$D$3:$D$4
Name country: DD!$A$3:$A$54
Name FlightType: DD!$B$2:$B$3
Name campus: DD!$A$2:$A$13
Name country: factors!$A$3:$A$54
Name Trip: factors!$D$3:$D$4
Name Class: factors!$C$3:$C$5

Sheet Notes
B5: Notes:
B7: 1. The Flight and Accommodation GHG Emission Calculator is cited within the United Nations Framework Convention on Climate Change (UNFCCC) standard calculator for the calculation of greenhouse gas emissions.
B8: 2. There are 4 sheets in this workbook. 1-Notes 2- Flight 3- Accomodation 4. Sample image of ICAO Calculator
B9: 3. Your input shall be in Sheet 2 and 3.
B11: Flight
B12: 1. In order to compute the flight emissions the ICAO Calculator will be used. It is a web-based calculator provided by the UNFCCC. All IATA code/city including local and international flights are available in the calculator.
B13: 2. Here is the link of the calculator. | F13: https://applications.icao.int/icec/Home/Index
B14: 3. kg CO2-e in flight shall be encoded manually as this will be computed using the ICAO Calculator. While the tCO2-e will be automatically computed once the kg CO2-e has input.
B15: 4. If the employee has multiple business travels, his/her name shall be duplicated.
B17: Hotel
B18: 1. This sheet shall be furnished if the official business travel includes overnight hotel accommodation.
B19: 2. If the employee has multiple business travels with overnight hotel accomodations, his/her name shall be duplicated.
B20: 3. The GHG emission will be automatically computed once the sheet has input.
B23: Please do not make any adjustment in the worksheets such as adding/deleting rows or columns. Thank you.

Sheet Flight
B1: Greenhouse Gas (GHG) Emissions Calculator | H1: source: | I1: https://applications.icao.int/icec/Home/Index
I2: Use this link to access the ICAO Calculator.
B3: Flights | I3: Your input for the column kg CO2e will be from ICAO Calculator.
B4: Individuals flying for work purposes
M5: =SUM(Flight!$M$7:$M$100) -> 5412.6 | N5: =SUM(Flight!$N$7:$N$100) -> #REF!
B6: Campus | C6: Office/Department | D6: Year | E6: Name of Traveller | F6: Event Name/Purpose of Travel | G6: Travel Date (mm/dd/yyyy) | H6: Domestic/ International | I6: Origin (city or IATA code) | J6: Destination (city or IATA code) | K6: Class | L6: One Way / Round Trip | M6: kg CO2e | N6: t CO2e
B7: ARASOF-Nasugbu | C7: OVCAA | D7: 2022 | E7: Juan Dela Cruz | F7: International Math Conference | G7: 45140 | H7: Domestic | I7: MNL | J7: CEB | K7: Economy | L7: Round Trip | M7: 118.6 | N7: =IF(M7="","",M7/1000) -> 0.1186
M8: 5294 | N8: =IF(M8="","",M8/1000) -> 5.294
N9: =IF(M9="","",M9/1000)
N10: =IF(M10="","",M10/1000)
H11: Domestic | N11: =IF(M11="","",M11/1000)
N12: =IF(M12="","",M12/1000)
N13: =IF(M13="","",M13/1000)
N14: =IF(M14="","",M14/1000)
N15: =IF(M15="","",M15/1000)
N16: =IF(M16="","",M16/1000)
N17: =IF(M17="","",M17/1000)
N18: =IF(M18="","",M18/1000)
N19: =IF(M19="","",M19/1000)
N20: =IF(M20="","",M20/1000)
N21: =IF(M21="","",M21/1000)
N22: =IF(M22="","",M22/1000)
N23: =IF(M23="","",M23/1000)
... N62: =IF(M62="","",M62/1000)
N63: =IF(#REF!="","",#REF!/1000) -> #REF!
N64: =IF(M63="","",M63/1000)
N65: =IF(M65="","",M65/1000)
N66: =IF(M66="","",M66/1000)
N67: =IF(M67="","",M67/1000)
N68: =IF(M68="","",M68/1000)
N69: =IF(M69="","",M69/1000)
N70: =IF(M70="","",M70/1000)
N71: =IF(M71="","",M71/1000)
N72: =IF(M72="","",M72/1000)
N73: =IF(M73="","",M73/1000)
N74: =IF(M74="","",M74/1000)
N75: =IF(M75="","",M75/1000)
N76: =IF(M76="","",M76/1000)
... N100: =IF(M100="","",M100/1000)

Sheet Accomodation
B1: Greenhouse Gas (GHG) Emissions Calculator
B3: Hotel
B4: Emissons associated with overnight hotel stays for work purposes
N5: =SUM(Accomodation!$N$7:$N$100) -> 266.16 | O5: =SUM(Accomodation!$O$7:$O$100) -> 0.26616
B6: Campus | C6: Office/Department | D6: Year | E6: Name of Traveller | F6: Event Name/Purpose of Travel | G6: Travel Date (mm/dd/yyyy) From | H6: Travel Date (mm/dd/yyyy) To | I6: Country | J6: Local/ International | K6: No. of Occupied Rooms | L6: No. of Nights per room | M6: Factor | N6: kg CO2 -e | O6: t CO2 -e
B7: ARASOF-Nasugbu | C7: OVCDEA | D7: 2022 | E7: Maria Dela Cruz | F7: International Math Conference | G7: 45140 | H7: 45143 | I7: Philippines | J7: Local | K7: 1 | L7: 4 | M7: =IF(I7="","",VLOOKUP(I7,factors!$A$3:$B$54,2)) -> 66.54 | N7: =IF(K7="","",IF(OR(K7="",L7=""),"",PRODUCT(Accomodation!$K7:$M7))) -> 266.16 | O7: =IF(N7="","",N7/1000) -> 0.26616
M8: =IF(I8="","",VLOOKUP(I8,factors!$A$3:$B$54,2)) | N8: =IF(K8="","",IF(OR(K8="",L8=""),"",PRODUCT(Accomodation!$K8:$M8))) | O8: =IF(N8="","",N8/1000)
M9: =IF(I9="","",VLOOKUP(I9,factors!$A$3:$B$54,2)) | N9: =IF(K9="","",IF(OR(K9="",L9=""),"",PRODUCT(Accomodation!$K9:$M9))) | O9: =IF(N9="","",N9/1000)
M10: =IF(I10="","",VLOOKUP(I10,factors!$A$3:$B$54,2)) | N10: =IF(K10="","",IF(OR(K10="",L10=""),"",PRODUCT(Accomodation!$K10:$M10))) | O10: =IF(N10="","",N10/1000)
M11: =IF(I11="","",VLOOKUP(I11,factors!$A$3:$B$54,2)) | N11: =IF(K11="","",IF(OR(K11="",L11=""),"",PRODUCT(Accomodation!$K11:$M11))) | O11: =IF(N11="","",N11/1000)
M12: =IF(I12="","",VLOOKUP(I12,factors!$A$3:$B$54,2)) | N12: =IF(K12="","",IF(OR(K12="",L12=""),"",PRODUCT(Accomodation!$K12:$M12))) | O12: =IF(N12="","",N12/1000)
M13: =IF(I13="","",VLOOKUP(I13,factors!$A$3:$B$54,2)) | N13: =IF(K13="","",IF(OR(K13="",L13=""),"",PRODUCT(Accomodation!$K13:$M13))) | O13: =IF(N13="","",N13/1000)
M14: =IF(I14="","",VLOOKUP(I14,factors!$A$3:$B$54,2)) | N14: =IF(K14="","",IF(OR(K14="",L14=""),"",PRODUCT(Accomodation!$K14:$M14))) | O14: =IF(N14="","",N14/1000)
M15: =IF(I15="","",VLOOKUP(I15,factors!$A$3:$B$54,2)) | N15: =IF(K15="","",IF(OR(K15="",L15=""),"",PRODUCT(Accomodation!$K15:$M15))) | O15: =IF(N15="","",N15/1000)
M16: =IF(I16="","",VLOOKUP(I16,factors!$A$3:$B$54,2)) | N16: =IF(K16="","",IF(OR(K16="",L16=""),"",PRODUCT(Accomodation!$K16:$M16))) | O16: =IF(N16="","",N16/1000)
M17: =IF(I17="","",VLOOKUP(I17,factors!$A$3:$B$54,2)) | N17: =IF(K17="","",IF(OR(K17="",L17=""),"",PRODUCT(Accomodation!$K17:$M17))) | O17: =IF(N17="","",N17/1000)
M18: =IF(I18="","",VLOOKUP(I18,factors!$A$3:$B$54,2)) | N18: =IF(K18="","",IF(OR(K18="",L18=""),"",PRODUCT(Accomodation!$K18:$M18))) | O18: =IF(N18="","",N18/1000)
M19: =IF(I19="","",VLOOKUP(I19,factors!$A$3:$B$54,2)) | N19: =IF(K19="","",IF(OR(K19="",L19=""),"",PRODUCT(Accomodation!$K19:$M19))) | O19: =IF(N19="","",N19/1000)
... M100: =IF(I100="","",VLOOKUP(I100,factors!$A$3:$B$54,2)) | N100: =IF(K100="","",IF(OR(K100="",L100=""),"",PRODUCT(Accomodation!$K100:$M100))) | O100: =IF(N100="","",N100/1000)

Sheet CO2-e using ICAO Calculator

Sheet DD
A1: Campus | B1: FlightType | C1: Class | D1: Trip | F1: COUNTRY
A2: Alangilan | B2: Domestic | C2: Economy | D2: One Way | E2: Local | F2: Philippines
A3: ARASOF-Nasugbu | B3: International | C3: Business Class | D3: Round Trip | E3: International | F3: Afghanistan
A4: Balayan | F4: Albania
A5: JPLPC-Malvar | F5: Algeria
A6: Lemery | F6: American Samoa
A7: Lipa | F7: Andorra
A8: Lobo | F8: Angola
A9: Mabini | F9: Anguilla
A10: Pablo Borbon | F10: Antarctica
A11: Rosario | F11: Antigua and Barbuda
A12: San Juan | F12: Argentina
A13: CENTRAL | F13: Armenia
F14: Aruba
F15: Australia
F16: Austria
F17: Azerbaijan
F18: Bahamas
F19: Bahrain
F20: Bangladesh
F21: Barbados
F22: Belarus
F23: Belgium
F24: Belize
F25: Benin
... F241: Zimbabwe

Sheet factors
A2: Country | B2: Factor | C2: Class | D2: Trip | E2: Waste Type | F2: Unit | G2: Factor | H2: Amount | I2: kg CO2e
A3: Argentina | B3: 77.08 | C3: Economy | D3: One Way | E3: Organic: food and drink waste | F3: kg | G3: 0.62687 | H3: 1000 | I3: 626.87
A4: Australia | B4: 51.47 | C4: Business | D4: Round Trip | E4: Organic: garden waste | F4: kg | G4: 0.57896 | H4: 1000 | I4: 578.96
A5: Austria | B5: 18.73 | C5: Private Jet | E5: Plastic | F5: kg | G5: 0.0089 | H5: 1000 | I5: 8.9
A6: Belgium | B6: 16.04 | E6: Metal | F6: kg | G6: 0.0089 | H6: 1000 | I6: 8.9
A7: Brazil | B7: 16.77 | E7: Paper | F7: kg | G7: 1.0418 | H7: 1000 | I7: 1041.8
A8: Canada | B8: 23
A9: Chile | B9: 38.5
A10: China | B10: 76.74
A11: Colombia | B11: 18.69
A12: Costa Rica | B12: 11.1
A13: Czech Republic | B13: 53.04
A14: Egypt | B14: 65.38
A15: Fiji | B15: 48.99
A16: France | B16: 8.01
A17: Germany | B17: 22.57
A18: Greece | B18: 56.63
A19: Hong Kong, China | B19: 84.43
... A54: Vietnam | B54: 60.12
