Workbook
Name campus: DROPDOWN!$A$2:$A$13
Name FuelType: DROPDOWN!#REF!
Name month: DROPDOWN!$B$2:$B$13
Name office: DROPDOWN!$D$2:$D$4
Name plate: DROPDOWN!#REF!
Name type: DROPDOWN!$E$2:$E$11
Name vehicle: DROPDOWN!#REF!
Name year: DROPDOWN!$C$2:$C$5

Sheet Notes
C8: Notes:
C10: 1. The Food Consumption GHG Calculator aims to measure the GHG emissions based on the monthly food consumption of university stakeholders. The factor used in computing the CO2-equivalent is _____.
C11: 2. There are 2 sheets in this workbook. 1-Notes 2- Food Consumption
C12: 3. Your input shall be in Sheet 2 only.
C14: Sheet 2:
C15: 1. The Procurement, Resource Generation and Auxillary Services shall use this calculator. All food consumption shall be consolidated here whether it is procured or sold in the university canteen.
C16: 2. Type of food served is based on the IPCC categorization. Each serving use a different emission factor, hence it's important to categorize it.
C17: 3. For beverage, kindly input the volume of all beverage sold in liter.
C18: 4. The GHG emission will be automatically computed once the sheet has input.
C20: Please do not make any adjustment in the worksheets such as adding/deleting rows or columns. Thank you.
Q22: A

Sheet Food Consumption
F1: Todate | G1: =SUM(Table13[kg CO2-e]) -> 4.79 | H1: =G1/1000 -> 0.00479 | L1: Conversion calculator | M1: ml | N1: Liter
A2: Campus | B2: Year | C2: Month | D2: Office | E2: Type of Food Served | F2: No. of Servings / or Volume of beverage | G2: kg CO2-e | H2: t CO2 -e | M2: 330 | N2: =M2/1000 -> 0.33
A3: ARASOF-Nasugbu | B3: 2024 | C3: November | D3: RGO | E3: 1 Hot Snack (burger and fries) | F3: 1 | G3: =IF(OR(A3="",B3="",C3="",D3="",E3="",F3=""),"",IF(F3="","",F3*VLOOKUP(E3,DROPDOWN!$E$2:$F$13,2,FALSE))) -> 2.77 | H3: =IF(G3="","",G3/1000) -> 0.00277
A4: Lobo | B4: 2024 | C4: March | D4: Auxillary Services | E4: 1 Cold or Hot Snack | F4: 1 | G4: =IF(OR(A4="",B4="",C4="",D4="",E4="",F4=""),"",IF(F4="","",F4*VLOOKUP(E4,DROPDOWN!$E$2:$F$13,2,FALSE))) -> 2.02 | H4: =IF(G4="","",G4/1000) -> 0.00202
G5: =IF(OR(A5="",B5="",C5="",D5="",E5="",F5=""),"",IF(F5="","",F5*VLOOKUP(E5,DROPDOWN!$E$2:$F$13,2,FALSE))) | H5: =IF(G5="","",G5/1000)
G6: =IF(OR(A6="",B6="",C6="",D6="",E6="",F6=""),"",IF(F6="","",F6*VLOOKUP(E6,DROPDOWN!$E$2:$F$13,2,FALSE))) | H6: =IF(G6="","",G6/1000)
G7: =IF(OR(A7="",B7="",C7="",D7="",E7="",F7=""),"",IF(F7="","",F7*VLOOKUP(E7,DROPDOWN!$E$2:$F$13,2,FALSE))) | H7: =IF(G7="","",G7/1000)
G8: =IF(OR(A8="",B8="",C8="",D8="",E8="",F8=""),"",IF(F8="","",F8*VLOOKUP(E8,DROPDOWN!$E$2:$F$13,2,FALSE))) | H8: =IF(G8="","",G8/1000)
G9: =IF(OR(A9="",B9="",C9="",D9="",E9="",F9=""),"",IF(F9="","",F9*VLOOKUP(E9,DROPDOWN!$E$2:$F$13,2,FALSE))) | H9: =IF(G9="","",G9/1000)
G10: =IF(OR(A10="",B10="",C10="",D10="",E10="",F10=""),"",IF(F10="","",F10*VLOOKUP(E10,DROPDOWN!$E$2:$F$13,2,FALSE))) | H10: =IF(G10="","",G10/1000)
G11: =IF(OR(A11="",B11="",C11="",D11="",E11="",F11=""),"",IF(F11="","",F11*VLOOKUP(E11,DROPDOWN!$E$2:$F$13,2,FALSE))) | H11: =IF(G11="","",G11/1000)
G12: =IF(OR(A12="",B12="",C12="",D12="",E12="",F12=""),"",IF(F12="","",F12*VLOOKUP(E12,DROPDOWN!$E$2:$F$13,2,FALSE))) | H12: =IF(G12="","",G12/1000)
G13: =IF(OR(A13="",B13="",C13="",D13="",E13="",F13=""),"",IF(F13="","",F13*VLOOKUP(E13,DROPDOWN!$E$2:$F$13,2,FALSE))) | H13: =IF(G13="","",G13/1000)
G14: =IF(OR(A14="",B14="",C14="",D14="",E14="",F14=""),"",IF(F14="","",F14*VLOOKUP(E14,DROPDOWN!$E$2:$F$13,2,FALSE))) | H14: =IF(G14="","",G14/1000)
G15: =IF(OR(A15="",B15="",C15="",D15="",E15="",F15=""),"",IF(F15="","",F15*VLOOKUP(E15,DROPDOWN!$E$2:$F$13,2,FALSE))) | H15: =IF(G15="","",G15/1000)
G16: =IF(OR(A16="",B16="",C16="",D16="",E16="",F16=""),"",IF(F16="","",F16*VLOOKUP(E16,DROPDOWN!$E$2:$F$13,2,FALSE))) | H16: =IF(G16="","",G16/1000)
... G46: =IF(OR(A46="",B46="",C46="",D46="",E46="",F46=""),"",IF(F46="","",F46*VLOOKUP(E46,DROPDOWN!$E$2:$F$13,2,FALSE))) | H46: =IF(G46="","",G46/1000)

Sheet DROPDOWN
A1: Campus | B1: Month | C1: Year | D1: Office | E1: Type | F1: factor | G1: unit
A2: Alangilan | B2: January | C2: 2021 | D2: Auxillary Services | E2: 1 Standard Breakfast | F2: 0.84 | G2: meal
A3: ARASOF-Nasugbu | B3: February | C3: 2022 | D3: Procurement | E3: 1 Gourmet Breakfast | F3: 2.33 | G3: meal
A4: Balayan | B4: March | C4: 2023 | D4: RGO | E4: 1 Cold or Hot Snack | F4: 2.02 | G4: meal
A5: Central | B5: April | C5: 2024 | E5: 1 Hot Snack (burger and fries) | F5: 2.77 | G5: meal
A6: JPLPC-Malvar | B6: May | E6: 1 Sandwich | F6: 1.27 | G6: meal
A7: Lemery | B7: June | E7: 1 Average Meal | F7: 4.7 | G7: meal
A8: Lipa | B8: July | E8: Meal, Vegan | F8: 1.69 | G8: meal
A9: Lobo | B9: August | E9: Meal, Vegetarian | F9: 2.85 | G9: meal
A10: Mabini | B10: September | E10: Meal with Beef | F10: 6.93 | G10: meal
A11: Pablo Borbon | B11: October | E11: Meal with Chicken | F11: 3.39 | G11: meal
A12: Rosario | B12: November | E12: Non-Alcoholic Beverage (in Liter) | F12: 0.2 | G12: liter
A13: San Juan | B13: December | E13: Alcoholic Beverage (in Liter) | F13: 1.87 | G13: liter
H24: 500000
H25: =H24*3% -> 15000
